uid,pulmão denso (%),volume da referência (L),espessura de fatia (mm),pixel (mm),Baseline,Region growing,U-Net,Ganho U-Net − baseline
1.3.6.1.4.1.14519.5.2.1.6279.6001.109002525524522225658609808059,27.5905,1.3998,1.2500,0.5488,0.8468,0.7790,0.9671,0.1203
1.3.6.1.4.1.14519.5.2.1.6279.6001.126121460017257137098781143514,7.6251,4.8543,2.5000,0.5566,0.9601,0.9528,0.9677,0.0076
1.3.6.1.4.1.14519.5.2.1.6279.6001.129055977637338639741695800950,4.5685,7.1813,0.7000,0.6172,0.9816,0.9759,0.9900,0.0084
1.3.6.1.4.1.14519.5.2.1.6279.6001.134996872583497382954024478441,20.2342,2.8005,1.2500,0.8594,0.9119,0.9212,0.9710,0.0591
1.3.6.1.4.1.14519.5.2.1.6279.6001.144438612068946916340281098509,6.8188,4.7659,2.0000,0.6641,0.9676,0.9670,0.9844,0.0168
1.3.6.1.4.1.14519.5.2.1.6279.6001.146603910507557786636779705509,8.2643,5.3419,2.5000,0.6445,0.9628,0.9576,0.9832,0.0203
1.3.6.1.4.1.14519.5.2.1.6279.6001.152684536713461901635595118048,5.9171,8.2766,2.0000,0.6836,0.9740,0.9519,0.9858,0.0117
1.3.6.1.4.1.14519.5.2.1.6279.6001.154677396354641150280013275227,8.5597,2.8677,1.0000,0.7812,0.9674,0.9632,0.9673,-0.0001
1.3.6.1.4.1.14519.5.2.1.6279.6001.162901839201654862079549658100,5.0973,6.2883,1.8000,0.6055,0.9795,0.2263,0.9884,0.0089
1.3.6.1.4.1.14519.5.2.1.6279.6001.168605638657404145360275453085,5.5629,8.5111,0.6250,0.7031,0.9788,0.9574,0.9769,-0.0020
1.3.6.1.4.1.14519.5.2.1.6279.6001.173106154739244262091404659845,5.7010,6.7586,2.5000,0.7617,0.9708,0.9633,0.9828,0.0121
1.3.6.1.4.1.14519.5.2.1.6279.6001.179162671133894061547290922949,6.8567,6.9075,0.7500,0.6758,0.9688,0.9593,0.9872,0.0185
1.3.6.1.4.1.14519.5.2.1.6279.6001.193808128386712859512130599234,6.9280,5.5099,2.5000,0.7812,0.9637,0.9506,0.9830,0.0193
1.3.6.1.4.1.14519.5.2.1.6279.6001.206539885154775002929031534291,6.7264,6.6966,1.8000,0.7031,0.9727,0.9651,0.9873,0.0146
1.3.6.1.4.1.14519.5.2.1.6279.6001.238522526736091851696274044574,5.7367,4.9745,1.8000,0.6641,0.9732,0.9684,0.9281,-0.0451
1.3.6.1.4.1.14519.5.2.1.6279.6001.286647622786041008124419915089,5.5330,7.7876,1.2500,0.7227,0.9767,0.9723,0.9880,0.0113
1.3.6.1.4.1.14519.5.2.1.6279.6001.295420274214095686326263147663,10.5018,3.4437,1.2500,0.5254,0.9579,0.9518,0.9777,0.0198
1.3.6.1.4.1.14519.5.2.1.6279.6001.310395752124284049604069960014,12.1159,2.6327,2.5000,0.6641,0.9518,0.9599,0.9687,0.0169
1.3.6.1.4.1.14519.5.2.1.6279.6001.311981398931043315779172047718,8.9469,5.7319,2.5000,0.8594,0.9575,0.9424,0.9808,0.0233
1.3.6.1.4.1.14519.5.2.1.6279.6001.450501966058662668272378865145,9.0301,4.8004,2.5000,0.6445,0.9555,0.9303,0.9808,0.0253
1.3.6.1.4.1.14519.5.2.1.6279.6001.503980049263254396021509831276,26.2696,2.6426,2.5000,0.7422,0.8600,0.5941,0.9628,0.1028
1.3.6.1.4.1.14519.5.2.1.6279.6001.511347030803753100045216493273,9.0106,5.9378,2.5000,0.7031,0.9595,0.9529,0.9817,0.0221
1.3.6.1.4.1.14519.5.2.1.6279.6001.525937963993475482158828421281,7.0686,7.5704,0.6250,0.8203,0.9640,0.9523,0.9884,0.0244
1.3.6.1.4.1.14519.5.2.1.6279.6001.826812708000318290301835871780,7.9419,3.9538,0.6250,0.7031,0.9599,0.9560,0.9831,0.0232
1.3.6.1.4.1.14519.5.2.1.6279.6001.832260670372728970918746541371,8.6134,5.9013,2.5000,0.8203,0.9544,0.9400,0.9817,0.0273
1.3.6.1.4.1.14519.5.2.1.6279.6001.888291896309937415860209787179,6.2246,5.4995,1.2500,0.7031,0.9657,0.9585,0.9870,0.0213
