ordem,rotulo,uid,uid_curto,metodo,arquivo_png,fatias,spacing_z_mm,spacing_xy_mm,volume_ref_ml,tempo_seg,dice,iou,sensibilidade,precisao,volume_ml,fp_ml,fn_ml,maior_blob_fp_ml,n_componentes,frac_traqueia
1,pior-baseline,1.3.6.1.4.1.14519.5.2.1.6279.6001.109002525524522225658609808059,658609808059,baseline,01_pior-baseline_658609808059.png,23|96|169,1.25,0.5488,1399.8,0.8,0.8468,0.7343,0.7468,0.9778,1069.0,23.7,354.5,19.5,92,0.7849
1,pior-baseline,1.3.6.1.4.1.14519.5.2.1.6279.6001.109002525524522225658609808059,658609808059,region_growing,01_pior-baseline_658609808059.png,23|96|169,1.25,0.5488,1399.8,1.6,0.779,0.638,0.6469,0.9787,925.3,19.7,494.2,18.8,1236,0.7545
1,pior-baseline,1.3.6.1.4.1.14519.5.2.1.6279.6001.109002525524522225658609808059,658609808059,unet,01_pior-baseline_658609808059.png,23|96|169,1.25,0.5488,1399.8,5.3,0.9671,0.9364,0.949,0.986,1347.4,18.9,71.3,4.7,11,0.2268
2,baixa-resolucao,1.3.6.1.4.1.14519.5.2.1.6279.6001.503980049263254396021509831276,021509831276,baseline,02_baixa-resolucao_021509831276.png,87|167|247,2.5,0.7422,2642.6,2.1,0.86,0.7544,0.7649,0.982,2058.3,36.9,621.2,18.5,35,0.8291
2,baixa-resolucao,1.3.6.1.4.1.14519.5.2.1.6279.6001.503980049263254396021509831276,021509831276,region_growing,02_baixa-resolucao_021509831276.png,87|167|247,2.5,0.7422,2642.6,3.1,0.5941,0.4226,0.4276,0.9728,1161.5,31.6,1512.6,17.9,38,0.8116
2,baixa-resolucao,1.3.6.1.4.1.14519.5.2.1.6279.6001.503980049263254396021509831276,021509831276,unet,02_baixa-resolucao_021509831276.png,87|167|247,2.5,0.7422,2642.6,9.2,0.9628,0.9282,0.9339,0.9934,2484.4,16.4,174.6,2.0,6,0.134
3,intermediario,1.3.6.1.4.1.14519.5.2.1.6279.6001.134996872583497382954024478441,954024478441,baseline,03_intermediario_954024478441.png,23|115|207,1.25,0.8594,2800.5,2.5,0.9119,0.8381,0.8502,0.9834,2421.1,40.3,419.6,24.5,67,0.7511
3,intermediario,1.3.6.1.4.1.14519.5.2.1.6279.6001.134996872583497382954024478441,954024478441,region_growing,03_intermediario_954024478441.png,23|115|207,1.25,0.8594,2800.5,3.7,0.9212,0.8539,0.8672,0.9823,2472.4,43.7,371.8,35.5,108,0.7696
3,intermediario,1.3.6.1.4.1.14519.5.2.1.6279.6001.134996872583497382954024478441,954024478441,unet,03_intermediario_954024478441.png,23|115|207,1.25,0.8594,2800.5,8.5,0.971,0.9436,0.9658,0.9763,2770.3,65.7,95.9,24.3,8,0.4184
4,falha-region-growing,1.3.6.1.4.1.14519.5.2.1.6279.6001.162901839201654862079549658100,079549658100,baseline,04_falha-region-growing_079549658100.png,59|179|298,1.8,0.6055,6288.3,1.8,0.9795,0.9598,0.9655,0.9939,6108.2,37.0,217.1,31.3,5,0.8957
4,falha-region-growing,1.3.6.1.4.1.14519.5.2.1.6279.6001.162901839201654862079549658100,079549658100,region_growing,04_falha-region-growing_079549658100.png,59|179|298,1.8,0.6055,6288.3,4.2,0.2263,0.1276,0.1286,0.9428,857.7,49.1,5479.6,3.6,2655,0.1761
4,falha-region-growing,1.3.6.1.4.1.14519.5.2.1.6279.6001.162901839201654862079549658100,079549658100,unet,04_falha-region-growing_079549658100.png,59|179|298,1.8,0.6055,6288.3,10.0,0.9884,0.977,0.9847,0.9921,6241.4,49.4,96.3,0.9,2,0.0134
5,unet-perde,1.3.6.1.4.1.14519.5.2.1.6279.6001.238522526736091851696274044574,696274044574,baseline,05_unet-perde_696274044574.png,56|172|288,1.8,0.6641,4974.5,2.3,0.9732,0.9478,0.9601,0.9867,4840.1,64.2,198.7,31.1,2,0.8992
5,unet-perde,1.3.6.1.4.1.14519.5.2.1.6279.6001.238522526736091851696274044574,696274044574,region_growing,05_unet-perde_696274044574.png,56|172|288,1.8,0.6641,4974.5,4.3,0.9684,0.9387,0.9482,0.9894,4767.6,50.6,257.5,29.7,5,0.8692
5,unet-perde,1.3.6.1.4.1.14519.5.2.1.6279.6001.238522526736091851696274044574,696274044574,unet,05_unet-perde_696274044574.png,56|172|288,1.8,0.6641,4974.5,10.4,0.9281,0.8658,0.9829,0.8791,5562.0,672.5,85.1,189.5,27,0.098
6,controle-bom,1.3.6.1.4.1.14519.5.2.1.6279.6001.129055977637338639741695800950,741695800950,baseline,06_controle-bom_741695800950.png,77|189|301,0.7,0.6172,7181.3,1.8,0.9816,0.9638,0.9735,0.9898,7063.4,72.2,190.1,55.3,3,0.9173
6,controle-bom,1.3.6.1.4.1.14519.5.2.1.6279.6001.129055977637338639741695800950,741695800950,region_growing,06_controle-bom_741695800950.png,77|189|301,0.7,0.6172,7181.3,4.4,0.9759,0.953,0.9618,0.9905,6973.0,66.1,274.4,52.7,10,0.8844
6,controle-bom,1.3.6.1.4.1.14519.5.2.1.6279.6001.129055977637338639741695800950,741695800950,unet,06_controle-bom_741695800950.png,77|189|301,0.7,0.6172,7181.3,11.1,0.99,0.9802,0.9881,0.9919,7153.7,57.9,85.5,3.9,7,0.0508
