uid,conjunto
1.3.6.1.4.1.14519.5.2.1.6279.6001.503980049263254396021509831276,train
1.3.6.1.4.1.14519.5.2.1.6279.6001.313334055029671473836954456733,train
1.3.6.1.4.1.14519.5.2.1.6279.6001.126264578931778258890371755354,train
1.3.6.1.4.1.14519.5.2.1.6279.6001.238522526736091851696274044574,train
1.3.6.1.4.1.14519.5.2.1.6279.6001.231834776365874788440767645596,train
1.3.6.1.4.1.14519.5.2.1.6279.6001.194465340552956447447896167830,train
1.3.6.1.4.1.14519.5.2.1.6279.6001.313835996725364342034830119490,train
1.3.6.1.4.1.14519.5.2.1.6279.6001.861997885565255340442123234170,train
1.3.6.1.4.1.14519.5.2.1.6279.6001.226456162308124493341905600418,train
1.3.6.1.4.1.14519.5.2.1.6279.6001.183843376225716802567192412456,train
1.3.6.1.4.1.14519.5.2.1.6279.6001.979083010707182900091062408058,train
1.3.6.1.4.1.14519.5.2.1.6279.6001.250863365157630276148828903732,train
1.3.6.1.4.1.14519.5.2.1.6279.6001.202811684116768680758082619196,train
1.3.6.1.4.1.14519.5.2.1.6279.6001.247769845138587733933485039556,train
1.3.6.1.4.1.14519.5.2.1.6279.6001.187451715205085403623595258748,train
1.3.6.1.4.1.14519.5.2.1.6279.6001.306948744223170422945185006551,train
1.3.6.1.4.1.14519.5.2.1.6279.6001.305858704835252413616501469037,train
1.3.6.1.4.1.14519.5.2.1.6279.6001.171919524048654494439256263785,train
1.3.6.1.4.1.14519.5.2.1.6279.6001.935683764293840351008008793409,train
1.3.6.1.4.1.14519.5.2.1.6279.6001.183184435049555024219115904825,train
1.3.6.1.4.1.14519.5.2.1.6279.6001.802595762867498341201607992711,train
1.3.6.1.4.1.14519.5.2.1.6279.6001.129055977637338639741695800950,train
1.3.6.1.4.1.14519.5.2.1.6279.6001.146603910507557786636779705509,train
1.3.6.1.4.1.14519.5.2.1.6279.6001.905371958588660410240398317235,train
1.3.6.1.4.1.14519.5.2.1.6279.6001.270390050141765094612147226290,train
1.3.6.1.4.1.14519.5.2.1.6279.6001.300271604576987336866436407488,train
1.3.6.1.4.1.14519.5.2.1.6279.6001.805925269324902055566754756843,train
1.3.6.1.4.1.14519.5.2.1.6279.6001.334105754605642100456249422350,train
1.3.6.1.4.1.14519.5.2.1.6279.6001.111172165674661221381920536987,train
1.3.6.1.4.1.14519.5.2.1.6279.6001.801945620899034889998809817499,train
1.3.6.1.4.1.14519.5.2.1.6279.6001.450501966058662668272378865145,train
1.3.6.1.4.1.14519.5.2.1.6279.6001.458525794434429386945463560826,train
1.3.6.1.4.1.14519.5.2.1.6279.6001.128023902651233986592378348912,train
1.3.6.1.4.1.14519.5.2.1.6279.6001.269689294231892620436462818860,train
1.3.6.1.4.1.14519.5.2.1.6279.6001.161073793312426102774780216551,train
1.3.6.1.4.1.14519.5.2.1.6279.6001.310626494937915759224334597176,train
1.3.6.1.4.1.14519.5.2.1.6279.6001.898642529028521482602829374444,train
1.3.6.1.4.1.14519.5.2.1.6279.6001.430109407146633213496148200410,train
1.3.6.1.4.1.14519.5.2.1.6279.6001.128881800399702510818644205032,train
1.3.6.1.4.1.14519.5.2.1.6279.6001.243094273518213382155770295147,train
1.3.6.1.4.1.14519.5.2.1.6279.6001.336894364358709782463716339027,train
1.3.6.1.4.1.14519.5.2.1.6279.6001.295298571102631191572192562523,train
1.3.6.1.4.1.14519.5.2.1.6279.6001.231645134739451754302647733304,train
1.3.6.1.4.1.14519.5.2.1.6279.6001.122763913896761494371822656720,train
1.3.6.1.4.1.14519.5.2.1.6279.6001.310548927038333190233889983845,train
1.3.6.1.4.1.14519.5.2.1.6279.6001.334517907433161353885866806005,train
1.3.6.1.4.1.14519.5.2.1.6279.6001.109002525524522225658609808059,train
1.3.6.1.4.1.14519.5.2.1.6279.6001.724251104254976962355686318345,train
1.3.6.1.4.1.14519.5.2.1.6279.6001.752756872840730509471096155114,train
1.3.6.1.4.1.14519.5.2.1.6279.6001.216882370221919561230873289517,train
1.3.6.1.4.1.14519.5.2.1.6279.6001.310395752124284049604069960014,train
1.3.6.1.4.1.14519.5.2.1.6279.6001.193808128386712859512130599234,train
1.3.6.1.4.1.14519.5.2.1.6279.6001.868211851413924881662621747734,train
1.3.6.1.4.1.14519.5.2.1.6279.6001.137763212752154081977261297097,train
1.3.6.1.4.1.14519.5.2.1.6279.6001.108231420525711026834210228428,train
1.3.6.1.4.1.14519.5.2.1.6279.6001.163994693532965040247348251579,train
1.3.6.1.4.1.14519.5.2.1.6279.6001.162207236104936931957809623059,train
1.3.6.1.4.1.14519.5.2.1.6279.6001.105756658031515062000744821260,train
1.3.6.1.4.1.14519.5.2.1.6279.6001.200558451375970945040979397866,train
1.3.6.1.4.1.14519.5.2.1.6279.6001.169128136262002764211589185953,train
1.3.6.1.4.1.14519.5.2.1.6279.6001.213140617640021803112060161074,train
1.3.6.1.4.1.14519.5.2.1.6279.6001.525937963993475482158828421281,train
1.3.6.1.4.1.14519.5.2.1.6279.6001.621916089407825046337959219998,train
1.3.6.1.4.1.14519.5.2.1.6279.6001.104562737760173137525888934217,train
1.3.6.1.4.1.14519.5.2.1.6279.6001.417815314896088956784723476543,train
1.3.6.1.4.1.14519.5.2.1.6279.6001.197987940182806628828566429132,train
1.3.6.1.4.1.14519.5.2.1.6279.6001.561458563853929400124470098603,train
1.3.6.1.4.1.14519.5.2.1.6279.6001.308183340111270052562662456038,train
1.3.6.1.4.1.14519.5.2.1.6279.6001.756684168227383088294595834066,train
1.3.6.1.4.1.14519.5.2.1.6279.6001.138080888843357047811238713686,train
1.3.6.1.4.1.14519.5.2.1.6279.6001.888291896309937415860209787179,train
1.3.6.1.4.1.14519.5.2.1.6279.6001.826812708000318290301835871780,train
1.3.6.1.4.1.14519.5.2.1.6279.6001.124154461048929153767743874565,train
1.3.6.1.4.1.14519.5.2.1.6279.6001.140527383975300992150799777603,train
1.3.6.1.4.1.14519.5.2.1.6279.6001.302134342469412607966016057827,train
1.3.6.1.4.1.14519.5.2.1.6279.6001.335866409407244673864352309754,train
1.3.6.1.4.1.14519.5.2.1.6279.6001.113697708991260454310623082679,train
1.3.6.1.4.1.14519.5.2.1.6279.6001.145759169833745025756371695397,train
1.3.6.1.4.1.14519.5.2.1.6279.6001.184019785706727365023450012318,train
1.3.6.1.4.1.14519.5.2.1.6279.6001.208737629504245244513001631764,train
1.3.6.1.4.1.14519.5.2.1.6279.6001.168037818448885856452592057286,train
1.3.6.1.4.1.14519.5.2.1.6279.6001.100684836163890911914061745866,train
1.3.6.1.4.1.14519.5.2.1.6279.6001.325164338773720548739146851679,train
1.3.6.1.4.1.14519.5.2.1.6279.6001.193408384740507320589857096592,train
1.3.6.1.4.1.14519.5.2.1.6279.6001.832260670372728970918746541371,train
1.3.6.1.4.1.14519.5.2.1.6279.6001.294188507421106424248264912111,train
1.3.6.1.4.1.14519.5.2.1.6279.6001.250397690690072950000431855143,train
1.3.6.1.4.1.14519.5.2.1.6279.6001.146429221666426688999739595820,train
1.3.6.1.4.1.14519.5.2.1.6279.6001.179049373636438705059720603192,train
1.3.6.1.4.1.14519.5.2.1.6279.6001.716498695101447665580610403574,train
1.3.6.1.4.1.14519.5.2.1.6279.6001.139595277234735528205899724196,train
1.3.6.1.4.1.14519.5.2.1.6279.6001.534083630500464995109143618896,train
1.3.6.1.4.1.14519.5.2.1.6279.6001.892375496445736188832556446335,train
1.3.6.1.4.1.14519.5.2.1.6279.6001.106719103982792863757268101375,train
1.3.6.1.4.1.14519.5.2.1.6279.6001.564534197011295112247542153557,train
1.3.6.1.4.1.14519.5.2.1.6279.6001.952265563663939823135367733681,train
1.3.6.1.4.1.14519.5.2.1.6279.6001.188209889686363159853715266493,train
1.3.6.1.4.1.14519.5.2.1.6279.6001.161002239822118346732951898613,train
1.3.6.1.4.1.14519.5.2.1.6279.6001.111017101339429664883879536171,train
1.3.6.1.4.1.14519.5.2.1.6279.6001.179162671133894061547290922949,train
1.3.6.1.4.1.14519.5.2.1.6279.6001.975254950136384517744116790879,train
1.3.6.1.4.1.14519.5.2.1.6279.6001.323859712968543712594665815359,train
1.3.6.1.4.1.14519.5.2.1.6279.6001.404364125369979066736354549484,train
1.3.6.1.4.1.14519.5.2.1.6279.6001.309672797925724868457151381131,train
1.3.6.1.4.1.14519.5.2.1.6279.6001.134370886216012873213579659366,train
1.3.6.1.4.1.14519.5.2.1.6279.6001.534006575256943390479252771547,train
1.3.6.1.4.1.14519.5.2.1.6279.6001.286647622786041008124419915089,val
1.3.6.1.4.1.14519.5.2.1.6279.6001.231002159523969307155990628066,val
1.3.6.1.4.1.14519.5.2.1.6279.6001.210837812047373739447725050963,val
1.3.6.1.4.1.14519.5.2.1.6279.6001.326057189095429101398977448288,val
1.3.6.1.4.1.14519.5.2.1.6279.6001.479402560265137632920333093071,val
1.3.6.1.4.1.14519.5.2.1.6279.6001.121824995088859376862458155637,val
1.3.6.1.4.1.14519.5.2.1.6279.6001.690929968028676628605553365896,val
1.3.6.1.4.1.14519.5.2.1.6279.6001.566816709786169715745131047975,val
1.3.6.1.4.1.14519.5.2.1.6279.6001.130438550890816550994739120843,val
1.3.6.1.4.1.14519.5.2.1.6279.6001.206539885154775002929031534291,val
1.3.6.1.4.1.14519.5.2.1.6279.6001.219087313261026510628926082729,val
1.3.6.1.4.1.14519.5.2.1.6279.6001.395623571499047043765181005112,val
1.3.6.1.4.1.14519.5.2.1.6279.6001.114218724025049818743426522343,val
1.3.6.1.4.1.14519.5.2.1.6279.6001.313605260055394498989743099991,val
1.3.6.1.4.1.14519.5.2.1.6279.6001.173106154739244262091404659845,val
1.3.6.1.4.1.14519.5.2.1.6279.6001.108197895896446896160048741492,val
1.3.6.1.4.1.14519.5.2.1.6279.6001.280972147860943609388015648430,val
1.3.6.1.4.1.14519.5.2.1.6279.6001.186021279664749879526003668137,val
1.3.6.1.4.1.14519.5.2.1.6279.6001.144438612068946916340281098509,val
1.3.6.1.4.1.14519.5.2.1.6279.6001.272042302501586336192628818865,val
1.3.6.1.4.1.14519.5.2.1.6279.6001.655242448149322898770987310561,val
1.3.6.1.4.1.14519.5.2.1.6279.6001.311981398931043315779172047718,val
1.3.6.1.4.1.14519.5.2.1.6279.6001.640729228179368154416184318668,val
1.3.6.1.4.1.14519.5.2.1.6279.6001.910607280658963002048724648683,val
1.3.6.1.4.1.14519.5.2.1.6279.6001.277445975068759205899107114231,val
1.3.6.1.4.1.14519.5.2.1.6279.6001.511347030803753100045216493273,val
1.3.6.1.4.1.14519.5.2.1.6279.6001.314789075871001236641548593165,val
1.3.6.1.4.1.14519.5.2.1.6279.6001.222087811960706096424718056430,val
1.3.6.1.4.1.14519.5.2.1.6279.6001.970264865033574190975654369557,val
1.3.6.1.4.1.14519.5.2.1.6279.6001.152684536713461901635595118048,val
1.3.6.1.4.1.14519.5.2.1.6279.6001.616033753016904899083676284739,val
1.3.6.1.4.1.14519.5.2.1.6279.6001.134996872583497382954024478441,val
1.3.6.1.4.1.14519.5.2.1.6279.6001.281489753704424911132261151767,val
1.3.6.1.4.1.14519.5.2.1.6279.6001.331211682377519763144559212009,val
1.3.6.1.4.1.14519.5.2.1.6279.6001.333145094436144085379032922488,val
1.3.6.1.4.1.14519.5.2.1.6279.6001.317087518531899043292346860596,test
1.3.6.1.4.1.14519.5.2.1.6279.6001.287966244644280690737019247886,test
1.3.6.1.4.1.14519.5.2.1.6279.6001.194440094986948071643661798326,test
1.3.6.1.4.1.14519.5.2.1.6279.6001.315214756157389122376518747372,test
1.3.6.1.4.1.14519.5.2.1.6279.6001.139713436241461669335487719526,test
1.3.6.1.4.1.14519.5.2.1.6279.6001.332453873575389860371315979768,test
1.3.6.1.4.1.14519.5.2.1.6279.6001.162718361851587451505896742103,test
1.3.6.1.4.1.14519.5.2.1.6279.6001.259543921154154401875872845498,test
1.3.6.1.4.1.14519.5.2.1.6279.6001.227962600322799211676960828223,test
1.3.6.1.4.1.14519.5.2.1.6279.6001.141069661700670042960678408762,test
1.3.6.1.4.1.14519.5.2.1.6279.6001.293757615532132808762625441831,test
1.3.6.1.4.1.14519.5.2.1.6279.6001.674809958213117379592437424616,test
1.3.6.1.4.1.14519.5.2.1.6279.6001.241570579760883349458693655367,test
1.3.6.1.4.1.14519.5.2.1.6279.6001.219909753224298157409438012179,test
1.3.6.1.4.1.14519.5.2.1.6279.6001.323302986710576400812869264321,test
1.3.6.1.4.1.14519.5.2.1.6279.6001.249530219848512542668813996730,test
1.3.6.1.4.1.14519.5.2.1.6279.6001.657775098760536289051744981056,test
1.3.6.1.4.1.14519.5.2.1.6279.6001.303421828981831854739626597495,test
1.3.6.1.4.1.14519.5.2.1.6279.6001.126121460017257137098781143514,test
1.3.6.1.4.1.14519.5.2.1.6279.6001.144943344795414353192059796098,test
1.3.6.1.4.1.14519.5.2.1.6279.6001.272961322147784625028175033640,test
1.3.6.1.4.1.14519.5.2.1.6279.6001.768276876111112560631432843476,test
1.3.6.1.4.1.14519.5.2.1.6279.6001.278660284797073139172446973682,test
1.3.6.1.4.1.14519.5.2.1.6279.6001.162901839201654862079549658100,test
1.3.6.1.4.1.14519.5.2.1.6279.6001.188376349804761988217597754952,test
1.3.6.1.4.1.14519.5.2.1.6279.6001.154677396354641150280013275227,test
1.3.6.1.4.1.14519.5.2.1.6279.6001.663019255629770796363333877035,test
1.3.6.1.4.1.14519.5.2.1.6279.6001.397062004302272014259317520874,test
1.3.6.1.4.1.14519.5.2.1.6279.6001.295420274214095686326263147663,test
1.3.6.1.4.1.14519.5.2.1.6279.6001.168605638657404145360275453085,test
1.3.6.1.4.1.14519.5.2.1.6279.6001.275766318636944297772360944907,test
1.3.6.1.4.1.14519.5.2.1.6279.6001.139258777898746693365877042411,test
1.3.6.1.4.1.14519.5.2.1.6279.6001.282512043257574309474415322775,test
1.3.6.1.4.1.14519.5.2.1.6279.6001.250438451287314206124484591986,test
1.3.6.1.4.1.14519.5.2.1.6279.6001.128059192202504367870633619224,test
1.3.6.1.4.1.14519.5.2.1.6279.6001.259018373683540453277752706262,test
